Motif,Count
tggcac,74
tggcat,36
tggcaa,9
tggcgt,8
tggcgc,6
tggtac,4
tggccc,4
tggaac,4
tggtat,3
cggcac,3
gggcac,3
tgccac,2
cggcat,2
ttgcat,2
tggcct,2
tggagc,2
ttgcac,2
tggcag,2
tggtcc,2
tggccg,2
cggaac,1
cggccg,1
tggaga,1
cgggat,1
gggcag,1
tgcatt,1
ttatca,1
tggcca,1
ggcgca,1
tcggac,1
cggcgc,1
cggtcg,1
tggata,1
tcgccc,1
tagctt,1
ttgctg,1
gggctg,1
cggcgg,1
tggctc,1
agggcg,1
gggcgc,1
tggtag,1
tggtaa,1
tgggac,1
ggccgc,1
atgcac,1
aggcct,1
tggaag,1
tggtta,1
tgtcac,1
aggcat,1
aggctg,1
tggcgg,1
gggccg,1
ggcccg,1
aggctc,1
cggccc,1
